nominal_formula,volume_per_atom,C11,C12,C44,B,Gv,GR,G,E,v,Hv,"AV,R",KIC,G/B,real_formula
CrHfMoNbTa,21.78219,570.023,104.462,144.449,259.649,179.7816,170.2976,175.0396,428.7689,0.224777,22.76233,0.027091,356.2693,0.674139,Cr7Hf6Mo6Nb7Ta6C32
CrHfMoNbTi,21.3225,520.093,110.497,143.724,247.029,168.1536,163.1904,165.672,406.2072,0.225938,21.76446,0.014979,336.8771,0.670658,Cr7Hf6Mo6Nb7Ti6C32
CrHfMoNbV,20.97094,479.865,134.451,131.807,249.589,148.167,145.5992,146.8831,368.3845,0.254006,17.22683,0.008741,317.9569,0.5885,Cr7Hf6Mo6Nb7V6C32
CrHfMoNbW,21.49031,495.609,141.059,133.436,259.2423,150.9716,148.0841,149.5279,376.2456,0.258112,17.05165,0.009655,328.2876,0.576788,Cr7Hf6Mo6Nb7W6C32
CrHfMoNbZr,22.455,503.782,91.949,136.886,229.2267,164.4982,158.0842,161.2912,391.9452,0.215024,22.55319,0.019883,322.9659,0.703632,Cr7Hf6Mo6Nb7Zr6C32
CrHfMoTaTi,21.35,536.44,112.57,150.771,253.86,175.2366,170.4473,172.8419,422.6131,0.222542,22.81533,0.013855,348.8896,0.680855,Cr7Hf6Mo6Ta7Ti6C32
CrHfMoTaV,21.00938,510.68,124.4,141.297,253.16,162.0342,158.2927,160.1634,396.809,0.238763,19.88598,0.01168,334.4887,0.632657,Cr7Hf6Mo6Ta7V6C32
CrHfMoTaW,21.49094,507.773,144.67,134.295,265.7043,153.1976,149.9024,151.55,382.0191,0.260373,16.997,0.010872,334.5953,0.570371,Cr7Hf6Mo6Ta7W6C32
CrHfMoTaZr,22.44531,500.483,113.485,142.078,242.4843,162.6464,158.9768,160.8116,395.0947,0.22844,21.04059,0.01141,331.6562,0.663183,Cr7Hf6Mo6Ta7Zr6C32
CrHfMoTiV,20.3575,525.457,70.5703,145.606,222.1992,178.3409,170.0857,174.2133,414.3506,0.189205,26.93622,0.023693,325.1117,0.784041,Cr7Hf6Mo6Ti7V6C32
CrHfMoTiW,21.00563,524.292,60.235,133.211,214.9207,172.738,160.5637,166.6508,397.2705,0.191925,25.77641,0.036526,314.3635,0.775406,Cr7Hf6Mo6Ti7W6C32
CrHfMoTiZr,21.90844,410.407,133.953,136.444,226.1043,137.1572,137.1517,137.1544,342.2588,0.247713,16.98599,0.0000202,294.5741,0.606598,Cr7Hf6Mo6Ti7Zr6C32
CrHfMoVW,20.47281,548.027,79.3633,130.146,235.5845,171.8203,158.2983,165.0593,401.4265,0.216007,22.81407,0.040961,326.1542,0.700637,Cr7Hf6Mo6V7W6C32
CrHfMoVZr,21.47469,452.282,112.559,135.803,225.8,149.4264,147.6445,148.5355,365.469,0.230241,19.70745,0.005998,305.3268,0.657819,Cr7Hf6Mo6V7Zr6C32
CrHfMoWZr,22.10156,492.633,117.617,136.515,242.6223,156.9122,153.1777,155.045,383.4543,0.23659,19.65694,0.012043,324.9112,0.639038,Cr7Hf6Mo6W7Zr6C32
CrHfNbTaTi,21.64688,544.272,107.604,156.654,253.16,181.326,176.6113,178.9686,434.5143,0.21394,24.40625,0.013172,355.3464,0.706939,Cr7Hf6Nb6Ta7Ti6C32
CrHfNbTaV,21.28281,604.522,41.969,148.259,229.4867,201.466,182.8468,192.1564,450.6797,0.17269,31.11356,0.048448,349.5782,0.837331,Cr7Hf6Nb6Ta7V6C32
CrHfNbTaW,21.76,523.768,131.456,143.232,262.2267,164.4016,160.56,162.4808,404.0002,0.243225,19.61923,0.011822,344.8916,0.61962,Cr7Hf6Nb6Ta7W6C32
CrHfNbTaZr,22.76094,485.189,116.649,146.746,239.4957,161.7556,159.7591,160.7573,394.0954,0.225746,21.3261,0.00621,330.3183,0.671233,Cr7Hf6Nb6Ta7Zr6C32
CrHfNbTiV,20.67625,405.094,144.543,157.315,231.3933,146.4992,145.2555,145.8774,361.6365,0.239523,18.53867,0.004263,304.379,0.63043,Cr7Hf6Nb6Ti7V6C32
CrHfNbTiW,21.20594,547.232,120.424,155.559,262.6933,178.697,174.4763,176.5867,432.785,0.225418,22.8303,0.011951,358.3272,0.672216,Cr7Hf6Nb6Ti7W6C32
CrHfNbTiZr,22.22125,487.862,104.369,148.711,232.2,165.9252,163.3784,164.6518,399.5224,0.213234,23.08701,0.007734,327.8505,0.709095,Cr7Hf6Nb6Ti7Zr6C32
CrHfNbVW,20.75781,431.827,155.28,145.741,247.4623,142.754,142.6593,142.7066,359.0927,0.25815,16.49367,0.000332,311.535,0.57668,Cr7Hf6Nb6V7W6C32
CrHfNbVZr,21.73469,529.769,65.5373,136.324,220.2812,174.6407,163.2771,168.9589,403.6699,0.19458,25.70862,0.033628,322.2836,0.767015,Cr7Hf6Nb6V7Zr6C32
CrHfNbWZr,22.40125,504.691,108.241,134.188,240.391,159.8028,154.1011,156.9519,386.6972,0.231897,20.31764,0.018164,326.1278,0.652903,Cr7Hf6Nb6W7Zr6C32
CrHfTaTiV,20.7175,513.677,122.945,156.67,253.189,172.1484,170.1506,171.1495,419.0305,0.224165,22.47239,0.005836,344.9847,0.675975,Cr7Hf6Ta6Ti7V6C32
CrHfTaTiW,21.20875,491.979,170.877,145.247,277.911,151.3686,151.0046,151.1866,383.9377,0.269748,16.07937,0.001204,341.0322,0.544011,Cr7Hf6Ta6Ti7W6C32
CrHfTaTiZr,22.21063,476.719,119.417,149.695,238.5177,161.2774,160.0729,160.6752,393.6358,0.224943,21.40535,0.003748,328.2173,0.673641,Cr7Hf6Ta6Ti7Zr6C32
CrHfTaVW,20.76,542.884,118.018,149.259,259.64,174.5286,169.411,171.9698,422.6064,0.228723,22.03213,0.014879,350.3078,0.662339,Cr7Hf6Ta6V7W6C32
CrHfTaVZr,21.73,498.383,110.582,138.709,239.849,160.7856,156.5309,158.6582,389.9842,0.229007,20.78031,0.013408,325.8694,0.661492,Cr7Hf6Ta6V7Zr6C32
CrHfTaWZr,22.3425,507.585,120.181,143.682,249.3157,163.69,160.2329,161.9614,399.3981,0.233004,20.65609,0.010673,337.2375,0.649624,Cr7Hf6Ta6W7Zr6C32
CrHfTiVW,20.25656,575.577,99.5247,150.65,258.2088,185.6005,176.5777,181.0891,440.3289,0.21578,24.38866,0.024912,357.0201,0.701328,Cr7Hf6Ti6V7W6C32
CrHfTiVZr,21.31938,448.648,103.062,141.353,218.2573,153.929,152.4483,153.1886,372.4326,0.215601,21.6832,0.004833,304.481,0.701872,Cr7Hf6Ti6V7Zr6C32
CrHfTiWZr,22.00656,479.467,106.5,143.129,230.8223,160.4708,157.8038,159.1373,388.199,0.219699,21.82781,0.00838,320.8364,0.689436,Cr7Hf6Ti6W7Zr6C32
CrHfVWZr,21.6025,488.313,116.657,137.438,240.5423,156.794,153.4182,155.1061,382.9971,0.234629,19.86476,0.010882,322.3499,0.644818,Cr7Hf6V6W7Zr6C32
CrMoNbTaTi,20.70719,580.568,137.296,161.174,285.0533,185.3588,180.9154,183.1371,452.5049,0.235427,22.25149,0.012131,378.621,0.642466,Cr7Mo6Nb6Ta7Ti6C32
CrMoNbTaV,20.38281,545.002,152.889,158.681,283.5933,173.6312,171.78,172.7056,430.6884,0.246886,20.08643,0.005359,365.7732,0.60899,Cr7Mo6Nb6Ta7V6C32
CrMoNbTaW,20.96094,462.514,206.183,136.648,291.6267,133.255,133.1237,133.1894,346.7759,0.301815,12.0483,0.000493,327.2529,0.456712,Cr7Mo6Nb6Ta7W6C32
CrMoNbTaZr,21.85938,470.912,152.624,145.059,258.72,150.693,150.3828,150.5379,378.2511,0.256332,17.30441,0.00103,329.9977,0.581857,Cr7Mo6Nb6Ta7Zr6C32
CrMoNbTiV,19.75219,525.343,150.975,168.046,275.7643,175.7012,175.2116,175.4564,434.2675,0.237537,21.34952,0.001395,361.6509,0.636255,Cr7Mo6Nb6Ti7V6C32
CrMoNbTiW,20.38656,546.869,148.009,152.479,280.9623,171.2594,168.3308,169.7951,423.9773,0.248497,19.67373,0.008624,361.0028,0.604334,Cr7Mo6Nb6Ti7W6C32
CrMoNbTiZr,21.25719,459.936,149.522,148.4,252.9933,151.1228,151.0499,151.0863,378.0104,0.250975,17.86995,0.000241,325.4004,0.597195,Cr7Mo6Nb6Ti7Zr6C32
CrMoNbVW,19.98344,559.179,123.914,137.065,269.0023,169.292,160.8895,165.0908,411.1605,0.245256,19.62699,0.025448,347.1505,0.613715,Cr7Mo6Nb6V7W6C32
CrMoNbVZr,20.82625,460.623,134.515,154.047,243.2177,157.6498,157.5277,157.5887,388.7952,0.233575,20.19972,0.000387,324.7347,0.647933,Cr7Mo6Nb6V7Zr6C32
CrMoNbWZr,21.58313,476.751,139.821,130.351,252.131,145.5966,143.3212,144.4589,363.8812,0.259463,16.51456,0.007876,318.4473,0.572952,Cr7Mo6Nb6W7Zr6C32
CrMoTaTiV,19.74531,525.643,173.505,173.844,290.8843,174.734,174.7272,174.7306,436.7431,0.249761,19.93924,0.0000194,370.6426,0.600688,Cr7Mo6Ta6Ti7V6C32
CrMoTaTiW,20.36844,574.978,147.791,159.054,290.1867,180.8698,177.1473,179.0085,445.4335,0.244168,20.90623,0.010398,376.6476,0.616874,Cr7Mo6Ta6Ti7W6C32
CrMoTaTiZr,21.28344,501.321,137.523,153.212,258.789,164.6868,163.5279,164.1073,406.4147,0.238259,20.28522,0.003531,343.0656,0.634136,Cr7Mo6Ta6Ti7Zr6C32
CrMoTaVW,19.98281,554.863,153.335,140.282,287.1777,164.4748,159.5027,161.9887,409.0542,0.262601,17.59422,0.015347,355.2989,0.564071,Cr7Mo6Ta6V7W6C32
CrMoTaVZr,20.83031,375.295,202.459,143.371,260.071,120.5898,113.4609,117.0253,305.2857,0.304357,10.80948,0.030459,289.38,0.449975,Cr7Mo6Ta6V7Zr6C32
CrMoTaWZr,21.56219,448.051,166.588,130.937,260.409,134.8548,134.6865,134.7707,344.8256,0.279305,14.00523,0.000624,312.5416,0.517535,Cr7Mo6Ta6W7Zr6C32
CrMoTiVW,19.36688,614.144,78.538,149.993,257.0733,197.117,182.0226,189.5698,456.4995,0.204041,26.67087,0.039812,361.7621,0.737415,Cr7Mo6Ti6V7W6C32
CrMoTiVZr,20.35438,454.052,141.784,130.508,245.8733,140.7584,139.678,140.2182,353.463,0.260403,16.08434,0.003852,306.8086,0.570286,Cr7Mo6Ti6V7Zr6C32
CrMoTiWZr,21.04844,475.039,145.557,139.946,255.3843,149.864,148.911,149.3875,375.0364,0.255247,17.31481,0.00319,324.5569,0.584952,Cr7Mo6Ti6W7Zr6C32
CrMoVWZr,20.81344,426.541,144.723,125.831,238.6623,131.8622,131.4577,131.6599,333.6299,0.267014,14.81288,0.001536,293.9969,0.551658,Cr7Mo6V6W7Zr6C32
CrNbTaTiV,20.20125,558.789,124.302,163.453,269.131,184.9692,181.4213,183.1953,447.9477,0.222596,23.76817,0.009683,366.4393,0.680692,Cr7Nb6Ta6Ti7V6C32
CrNbTaTiW,20.71844,619.895,120.616,159.233,287.0423,195.3956,186.2068,190.8012,468.5797,0.227926,23.81088,0.02408,387.8434,0.664714,Cr7Nb6Ta6Ti7W6C32
CrNbTaTiZr,21.68563,561.053,108.66,155.793,259.4577,183.9544,177.9474,180.9509,440.458,0.217065,24.2211,0.016598,361.8336,0.69742,Cr7Nb6Ta6Ti7Zr6C32
CrNbTaVW,20.31281,583.809,142.362,150.243,289.511,178.4352,172.243,175.3391,437.6622,0.248045,20.17581,0.017658,372.1633,0.605639,Cr7Nb6Ta6V7W6C32
CrNbTaVZr,21.23156,473.358,143.831,151.226,253.6733,156.641,156.365,156.503,389.4243,0.244143,19.01173,0.000882,331.5602,0.616947,Cr7Nb6Ta6V7Zr6C32
CrNbTaWZr,21.83594,520.235,143.976,145.202,269.3957,162.373,159.786,161.0795,402.9306,0.250719,18.72505,0.00803,348.2657,0.597929,Cr7Nb6Ta6W7Zr6C32
CrNbTiVW,19.77531,589.787,124.533,161.149,279.6177,189.7402,183.7305,186.7354,458.2058,0.226885,23.57528,0.016091,375.7649,0.667824,Cr7Nb6Ti6V7W6C32
CrNbTiVZr,20.78125,488.796,116.832,149.457,240.82,164.067,162.1987,163.1328,399.2476,0.223689,21.7742,0.005726,328.6464,0.677406,Cr7Nb6Ti6V7Zr6C32
CrNbTiWZr,21.465,498.444,120.768,129.928,246.66,153.492,148.4525,150.9723,376.1698,0.245824,18.36694,0.01669,321.7015,0.612066,Cr7Nb6Ti6W7Zr6C32
CrNbVWZr,21.08438,487.644,136.568,137.551,253.5933,152.7458,150.5859,151.6659,379.3683,0.250671,17.94821,0.007121,325.9665,0.598067,Cr7Nb6V6W7Zr6C32
CrTaTiVW,19.79031,560.607,145.74,163.827,284.029,181.2696,178.8676,180.0686,445.9621,0.238312,21.65696,0.00667,371.9425,0.63398,Cr7Ta6Ti6V7W6C32
CrTaTiVZr,20.78906,494.067,122.82,148.794,246.569,163.5258,161.6209,162.5733,399.8424,0.229729,21.06395,0.005859,331.9961,0.659342,Cr7Ta6Ti6V7Zr6C32
CrTaVWZr,21.08375,498.299,139.234,139.965,258.9223,155.792,153.4968,154.6444,386.9053,0.250952,18.16919,0.007421,332.5905,0.597262,Cr7Ta6V6W7Zr6C32
CrTiVWZr,20.61063,451.507,143.943,144.654,246.4643,148.3052,148.172,148.2386,370.4462,0.249493,17.77408,0.000449,316.4994,0.601461,Cr7Ti6V6W7Zr6C32
HfMoNbTaTi,22.33906,585.868,119.296,169.447,274.82,194.9826,190.2745,192.6286,468.4387,0.215912,25.46241,0.012221,386.1257,0.700926,Hf7Mo6Nb6Ta7Ti6C32
HfMoNbTaW,22.44156,595.602,126.489,156.468,282.86,187.7034,180.5055,184.1045,453.8483,0.232584,22.66703,0.019548,383.26,0.650868,Hf7Mo6Nb6Ta7W6C32
HfMoNbTaZr,23.355,565.709,109.099,161.319,261.3023,188.1134,182.7692,185.4413,449.8963,0.213042,25.13836,0.014409,372.1673,0.709681,Hf7Mo6Nb6Ta7Zr6C32
HfMoNbTiV,21.53531,548.066,106.397,161.683,253.62,185.3436,181.0847,183.2142,442.9747,0.208899,25.43259,0.011623,359.5532,0.722396,Hf7Mo6Nb6Ti7V6C32
HfMoNbTiW,21.97406,587.529,108.762,159.407,268.351,191.3976,183.9957,187.6967,456.628,0.216399,24.93903,0.019718,375.6052,0.699445,Hf7Mo6Nb6Ti7W6C32
HfMoNbTiZr,22.93219,548.516,106.662,162.501,253.9467,185.8714,181.7244,183.7979,444.2227,0.208454,25.54488,0.011281,364.1518,0.723766,Hf7Mo6Nb6Ti7Zr6C32
HfMoNbVW,21.60031,600.171,77.9113,149.874,251.9979,194.3763,180.663,187.5197,450.7525,0.201881,26.74059,0.036565,362.7704,0.744132,Hf7Mo6Nb6V7W6C32
HfMoNbVZr,22.56469,527.445,103.791,152.873,245.009,176.4546,172.0235,174.239,422.5509,0.212561,24.11022,0.012716,347.3244,0.711154,Hf7Mo6Nb6V7Zr6C32
HfMoNbWZr,23.10594,567.814,92.873,148.045,251.1867,183.8152,174.2998,179.0575,434.0383,0.212008,24.64693,0.026571,357.9166,0.712846,Hf7Mo6Nb6W7Zr6C32
HfMoTaTiV,21.53531,559.2,111.77,166.011,260.9133,189.0926,185.1095,187.1011,453.017,0.210621,25.59836,0.010644,368.5345,0.7171,Hf7Mo6Ta6Ti7V6C32
HfMoTaTiW,21.98656,589.559,119.584,162.091,276.2423,191.2496,185.0535,188.1516,460.0144,0.222457,24.23861,0.016466,381.5855,0.68111,Hf7Mo6Ta6Ti7W6C32
HfMoTaTiZr,22.92656,565.33,106.185,165.795,259.2333,191.306,186.5221,188.914,455.9786,0.206842,26.24997,0.012662,372.993,0.728741,Hf7Mo6Ta6Ti7Zr6C32
HfMoTaVW,21.64125,528.744,134.138,153.948,265.6733,171.29,168.7832,170.0366,420.4178,0.236256,21.02108,0.007371,354.8071,0.640021,Hf7Mo6Ta6V7W6C32
HfMoTaVZr,22.57625,521.701,110.743,154.4,247.729,174.8316,171.4477,173.1397,421.2749,0.216575,23.53303,0.009772,348.1732,0.698908,Hf7Mo6Ta6V7Zr6C32
HfMoTaWZr,23.06406,564.033,105.22,155.312,258.1577,184.9498,178.3542,181.652,441.421,0.215018,24.53424,0.018155,365.3579,0.703647,Hf7Mo6Ta6W7Zr6C32
HfMoTiVW,21.13469,552.109,117.679,162.049,262.489,184.1154,180.3727,182.244,443.9812,0.218095,24.21943,0.010268,363.6762,0.694292,Hf7Mo6Ti6V7W6C32
HfMoTiVZr,22.15781,499.344,101.678,153.202,234.2333,171.4544,168.6871,170.0707,410.7907,0.207705,24.2666,0.008136,334.4981,0.726074,Hf7Mo6Ti6V7Zr6C32
HfMoTiWZr,22.68781,514.269,113.429,154.449,247.0423,172.8374,170.0511,171.4442,417.7053,0.218196,23.18267,0.008126,346.2682,0.693987,Hf7Mo6Ti6W7Zr6C32
HfMoVWZr,22.34063,530.278,103.321,147.252,245.64,173.7426,168.1132,170.9279,416.2378,0.217583,23.20372,0.016467,343.8787,0.695847,Hf7Mo6V6W7Zr6C32
HfNbTaTiV,21.85531,594.796,115.132,181.407,275.02,204.777,200.9923,202.8847,488.5244,0.203946,27.99661,0.009327,394.972,0.737709,Hf7Nb6Ta6Ti7V6C32
HfNbTaTiW,22.26344,601.633,122.357,170.932,282.1157,198.4144,193.0743,195.7444,476.9284,0.218243,25.45768,0.01364,394.1458,0.693844,Hf7Nb6Ta6Ti7W6C32
HfNbTaTiZr,23.2525,586.973,107.38,176.491,267.2443,201.8132,197.3287,199.5709,479.3827,0.201033,28.05901,0.011235,390.1646,0.746773,Hf7Nb6Ta6Ti7Zr6C32
HfNbTaVW,21.8775,589.779,125.077,167.798,279.9777,193.6192,188.7768,191.198,467.235,0.221862,24.58925,0.012663,386.9335,0.682904,Hf7Nb6Ta6V7W6C32
HfNbTaVZr,22.81,554.215,113.726,168.225,260.5557,189.0328,185.7764,187.4046,453.4897,0.209921,25.71512,0.008688,372.1299,0.71925,Hf7Nb6Ta6V7Zr6C32
HfNbTaWZr,23.23906,592.618,110.241,166.545,271.0333,196.4024,190.0749,193.2387,468.398,0.211968,26.01863,0.016372,386.5996,0.71297,Hf7Nb6Ta6W7Zr6C32
HfNbTiVW,21.41094,601.945,124.231,196.603,283.469,213.5046,211.574,212.5393,510.1243,0.20007,29.47233,0.004542,409.0205,0.74978,Hf7Nb6Ti6V7W6C32
HfNbTiVZr,22.40813,498.272,122.014,171.729,247.4333,178.289,177.9335,178.1112,430.9334,0.209731,24.82855,0.000998,352.4864,0.719835,Hf7Nb6Ti6V7Zr6C32
HfNbTiWZr,22.87906,593.079,107.444,169.812,269.3223,199.0142,193.0261,196.0201,473.2465,0.207137,26.90686,0.015274,387.1324,0.727827,Hf7Nb6Ti6W7Zr6C32
HfNbVWZr,22.50281,576.279,108.667,165.68,264.5377,192.9304,187.5378,190.2341,460.3528,0.209964,25.98403,0.014174,376.93,0.719119,Hf7Nb6V6W7Zr6C32
HfTaTiVW,21.4175,579.537,121.165,171.179,273.9557,194.3818,190.4613,192.4216,467.7513,0.215434,25.50313,0.010187,382.6148,0.702382,Hf7Ta6Ti6V7W6C32
HfTaTiVZr,22.39375,515.405,120.621,172.637,252.2157,182.539,181.7546,182.1468,440.4188,0.208967,25.31924,0.002153,359.847,0.722187,Hf7Ta6Ti6V7Zr6C32
HfTaTiWZr,22.84594,568.4,117.29,171.283,267.66,192.9918,189.524,191.2579,463.3989,0.211451,25.89483,0.009066,381.1269,0.714555,Hf7Ta6Ti6W7Zr6C32
HfTaVWZr,22.49875,558.607,120.963,168.326,266.8443,188.5244,185.4434,186.9839,454.7369,0.215979,24.92363,0.008239,375.3106,0.700723,Hf7Ta6V6W7Zr6C32
HfTiVWZr,22.13125,543.986,113.567,166.278,257.04,185.8506,182.9134,184.382,446.4061,0.210547,25.34356,0.007965,364.7768,0.717328,Hf7Ti6V6W7Zr6C32
MoNbTaTiV,20.90094,674.444,97.548,174.089,289.8467,219.8326,206.9003,213.3665,513.9798,0.204453,28.94278,0.030305,412.7384,0.736136,Mo7Nb6Ta6Ti7V6C32
MoNbTaTiW,21.41875,623.791,126.588,160.049,292.3223,195.47,186.6419,191.056,470.6353,0.231669,23.37998,0.023103,393.8314,0.65358,Mo7Nb6Ta6Ti7W6C32
MoNbTaTiZr,22.29719,529.14,161.55,153.101,284.08,165.3786,164.0603,164.7195,414.1183,0.257041,18.37046,0.004002,362.9118,0.579835,Mo7Nb6Ta6Ti7Zr6C32
MoNbTaVW,21.06719,537.571,147.311,151.064,277.3977,168.6904,166.0649,167.3777,418.051,0.248826,19.44025,0.007843,358.0975,0.603385,Mo7Nb6Ta6V7W6C32
MoNbTaVZr,21.8925,546.787,134.77,159.655,272.109,178.1964,175.4456,176.821,436.0189,0.232939,21.98797,0.007778,366.8774,0.649817,Mo7Nb6Ta6V7Zr6C32
MoNbTaWZr,22.44813,511.194,165.003,146.726,280.4,157.2738,156.2471,156.7605,396.4092,0.264379,17.01671,0.003275,352.1307,0.55906,Mo7Nb6Ta6W7Zr6C32
MoNbTiVW,20.50688,590.961,131.303,163.897,284.5223,190.2698,185.142,187.7059,461.6068,0.229601,23.33588,0.013659,382.3376,0.659723,Mo7Nb6Ti6V7W6C32
MoNbTiVZr,21.4725,553.886,108.957,168.717,257.2667,190.216,186.7661,188.4911,454.4791,0.205572,26.36897,0.009151,367.128,0.732668,Mo7Nb6Ti6V7Zr6C32
MoNbTiWZr,22.05281,582.572,89.474,153.05,253.84,190.4496,180.418,185.4338,447.3657,0.206268,25.97835,0.027049,363.3165,0.730515,Mo7Nb6Ti6W7Zr6C32
MoNbVWZr,21.72375,494.654,135.203,148.791,255.02,161.1648,159.7924,160.4786,397.96,0.239916,19.79282,0.004276,337.9233,0.629279,Mo7Nb6V6W7Zr6C32
MoTaTiVW,20.5325,608.514,128.843,160.183,288.7333,192.044,184.7225,188.3833,464.1954,0.232051,23.10233,0.019432,385.9312,0.652447,Mo7Ta6Ti6V7W6C32
MoTaTiVZr,21.47938,528.984,123.928,161.475,258.9467,177.8962,175.7228,176.8095,432.0855,0.221895,23.26031,0.006146,356.748,0.682803,Mo7Ta6Ti6V7Zr6C32
MoTaTiWZr,22.0425,591.163,103.752,154.969,266.2223,190.4636,181.3872,185.9254,452.4486,0.216748,24.72947,0.024409,372.5362,0.698384,Mo7Ta6Ti6W7Zr6C32
MoTaVWZr,21.72938,496.439,140.787,143.323,259.3377,157.1242,155.3823,156.2533,390.3611,0.249129,18.48576,0.005574,336.2703,0.602509,Mo7Ta6V6W7Zr6C32
MoTiVWZr,21.275,537.676,124.812,152.508,262.4333,174.0776,170.3025,172.1901,423.8665,0.23081,21.81715,0.010962,353.8548,0.656129,Mo7Ti6V6W7Zr6C32
NbTaTiVW,20.89281,672.529,113.069,174.974,299.5557,216.8764,205.8023,211.3394,513.3044,0.214408,27.39187,0.0262,417.5692,0.70551,Nb7Ta6Ti6V7W6C32
NbTaTiVZr,21.84563,571.533,125.637,183.339,274.269,199.1826,197.3645,198.2736,479.3183,0.20873,26.91749,0.004585,389.8955,0.722916,Nb7Ta6Ti6V7Zr6C32
NbTaTiWZr,22.345,564.451,159.401,164.747,294.4177,179.8582,178.0306,178.9444,446.3949,0.247301,20.55137,0.005107,385.216,0.607791,Nb7Ta6Ti6W7Zr6C32
NbTaVWZr,21.99313,585.347,132.55,169.309,283.4823,192.1448,188.3022,190.2235,466.358,0.225816,24.01641,0.0101,388.6956,0.671024,Nb7Ta6V6W7Zr6C32
NbTiVWZr,21.62188,582.413,121.257,163.646,274.9757,190.4188,185.1433,187.7811,458.8854,0.221863,24.27715,0.014047,379.2759,0.682901,Nb7Ti6V6W7Zr6C32
TaTiVWZr,21.59594,581.779,127.064,166.217,278.6357,190.6732,186.2515,188.4624,461.3678,0.224032,24.07524,0.011731,382.4072,0.676376,Ta7Ti6V6W7Zr6C32
CrHfMoNb,21.58906,522.123,120.145,147.169,254.1377,168.697,164.8233,166.7601,410.4943,0.230793,21.32969,0.011615,343.5207,0.65618,Cr8Hf8Mo8Nb8C32
CrHfMoTa,21.59688,526.499,138.037,153.169,267.5243,169.5938,167.3179,168.4559,417.6955,0.239777,20.49947,0.006755,354.2609,0.629684,Cr8Hf8Mo8Ta8C32
CrHfMoTi,20.97,500.871,94.8577,148.467,230.1955,170.2829,166.3428,168.3128,405.989,0.206055,24.2812,0.011704,326.8688,0.731174,Cr8Hf8Mo8Ti8C32
CrHfMoV,20.50156,478.283,129.422,139.245,245.709,153.3192,151.4663,152.3927,378.8544,0.24302,18.76931,0.006079,320.1281,0.620216,Cr8Hf8Mo8V8C32
CrHfMoW,21.30375,465.443,129.745,128.048,241.6443,143.9684,141.466,142.7172,357.7262,0.253269,16.94825,0.008767,309.1974,0.590608,Cr8Hf8Mo8W8C32
CrHfMoZr,22.47094,420.183,120.27,139.494,220.241,143.679,143.4988,143.5889,353.8645,0.232214,19.04586,0.000628,298.7306,0.651963,Cr8Hf8Mo8Zr8C32
CrHfNbTa,22.03406,475.767,144.753,157.407,255.091,160.647,160.55,160.5985,398.2249,0.239815,19.81383,0.000302,338.8967,0.629573,Cr8Hf8Nb8Ta8C32
CrHfNbTi,21.42844,501.929,119.142,157.865,246.7377,171.2764,169.7605,170.5185,415.7756,0.219151,22.98446,0.004445,341.8497,0.691092,Cr8Hf8Nb8Ti8C32
CrHfNbV,20.945,4.02E+02,153.175,123.444,236,123.7614,123.7602,123.7608,316.0379,0.276809,13.38452,0.00000493,283.7446,0.52441,Cr8Hf8Nb8V8C32
CrHfNbW,21.65313,542.835,108.049,140.871,252.9777,171.4798,163.9559,167.7178,412.086,0.22851,21.66866,0.02243,343.8884,0.662975,Cr8Hf8Nb8W8C32
CrHfNbZr,22.88406,448.953,106.304,140.796,220.5203,153.0074,151.6016,152.3045,371.408,0.219294,21.20273,0.004615,308.7945,0.69066,Cr8Hf8Nb8Zr8C32
CrHfTaTi,21.46344,459.186,147.467,156.27,251.3733,156.1058,156.1055,156.1057,387.9996,0.242747,19.11976,0.00000083,330.2317,0.621011,Cr8Hf8Ta8Ti8C32
CrHfTaV,20.95469,472.173,138.13,146.514,249.4777,154.717,154.0815,154.3992,383.9832,0.243475,18.89788,0.002058,325.8757,0.61889,Cr8Hf8Ta8V8C32
CrHfTaW,21.64656,524.334,132.633,143.273,263.2,164.304,160.5089,162.4065,404.1027,0.244109,19.52027,0.011684,345.1512,0.617046,Cr8Hf8Ta8W8C32
CrHfTaZr,22.86656,504.431,86.0277,150.253,225.4955,173.8325,169.3395,171.586,410.6097,0.196513,25.75664,0.013092,331.393,0.760929,Cr8Hf8Ta8Zr8C32
CrHfTiV,20.31719,451.783,117.425,141.226,228.8777,151.6072,150.5762,151.0917,371.5226,0.229461,20.02708,0.003412,307.1845,0.660142,Cr8Hf8Ti8V8C32
CrHfTiW,21.06875,503.59,124.365,148.371,250.7733,164.8676,162.5096,163.6886,403.3135,0.231953,20.92517,0.007203,336.7103,0.652735,Cr8Hf8Ti8W8C32
CrHfTiZr,22.38781,414.775,110.856,139.655,212.1623,144.5768,144.3297,144.4532,353.1997,0.22254,20.09383,0.000855,293.9001,0.680862,Cr8Hf8Ti8Zr8C32
CrHfVW,20.59125,496.104,112.288,141.873,240.2267,161.887,158.3916,160.1393,393.0744,0.227289,21.10183,0.010914,324.7182,0.666617,Cr8Hf8V8W8C32
CrHfVZr,21.82,400.334,99.284,134.695,199.634,141.027,140.6099,140.8185,342.0338,0.214449,20.54462,0.001481,280.2783,0.705383,Cr8Hf8V8Zr8C32
CrHfWZr,22.45875,468.661,113.816,132.388,232.0977,150.4018,147.3484,148.8751,367.9529,0.235777,19.18124,0.010255,312.2319,0.641433,Cr8Hf8W8Zr8C32
CrMoNbTa,20.96531,535.109,155.589,141.511,282.0957,160.8106,157.5329,159.1718,401.921,0.262539,17.38321,0.010296,351.8694,0.564247,Cr8Mo8Nb8Ta8C32
CrMoNbV,19.75938,446.606,193.937,132.191,278.16,129.8484,129.7844,129.8164,337.0204,0.298066,12.12601,0.000246,312.4456,0.466697,Cr8Mo8Nb8V8C32
CrMoNbW,20.69031,469.663,157.375,110.495,261.471,128.7546,125.1275,126.9411,327.7789,0.291067,12.48312,0.014287,301.8612,0.485488,Cr8Mo8Nb8W8C32
CrMoNbZr,21.81938,537.634,58.384,126.29,218.134,171.624,155.7573,163.6906,392.8143,0.199868,24.52073,0.048466,315.8741,0.750413,Cr8Mo8Nb8Zr8C32
CrMoTaTi,20.28313,496.305,164.814,160.339,275.311,162.5016,162.4587,162.4802,407.3126,0.253423,18.56244,0.000132,349.2752,0.59017,Cr8Mo8Ta8Ti8C32
CrMoTaV,19.82625,490.905,182.101,140.649,285.0357,146.1502,145.8453,145.9978,374.1178,0.281245,14.64827,0.001044,335.6058,0.512209,Cr8Mo8Ta8V8C32
CrMoTaW,20.59719,546.449,172.429,120.054,297.1023,146.8364,140.1213,143.4788,370.7541,0.292017,13.53216,0.023401,341.8338,0.482927,Cr8Mo8Ta8W8C32
CrMoTaZr,21.79719,533.936,106.342,135.616,248.8733,166.8884,158.8514,162.8699,401.1103,0.231383,20.91254,0.024673,336.4933,0.654429,Cr8Mo8Ta8Zr8C32
CrMoTiV,19.03844,566.468,126.276,159.035,273.0067,183.4594,178.8863,181.1728,445.0667,0.228293,22.91082,0.012621,363.4169,0.663621,Cr8Mo8Ti8V8C32
CrMoTiW,19.99375,488.946,160.857,134.005,270.22,146.0208,144.5963,145.3085,369.6643,0.271998,15.42951,0.004902,326.4525,0.537742,Cr8Mo8Ti8W8C32
CrMoTiZr,21.22625,470.687,87.0443,124.421,214.9252,151.3811,144.7679,148.0745,361.2593,0.219857,20.72589,0.022331,296.8447,0.688958,Cr8Mo8Ti8Zr8C32
CrMoVW,19.54063,433.583,167.562,123.871,256.2357,127.5268,127.3718,127.4493,327.9713,0.286673,12.86804,0.000608,296.5821,0.497391,Cr8Mo8V8W8C32
CrMoVZr,20.71969,497.889,88.4387,121.487,224.9221,154.7823,145.0823,149.9323,368.0227,0.227296,20.13974,0.032348,304.3413,0.666596,Cr8Mo8V8Zr8C32
CrMoWZr,21.58125,481.294,92.578,118.04,222.15,148.5672,140.0348,144.301,355.8531,0.233023,19.03281,0.029564,298.7473,0.649566,Cr8Mo8W8Zr8C32
CrNbTaTi,20.75781,531.062,151.809,149.543,278.2267,165.5764,163.3551,164.4657,412.1809,0.25309,18.7571,0.006753,354.6234,0.591121,Cr8Nb8Ta8Ti8C32
CrNbTaV,20.28844,565.313,146.157,154.637,285.8757,176.6134,172.7518,174.6826,435.3709,0.246177,20.32661,0.011053,369.0525,0.611044,Cr8Nb8Ta8V8C32
CrNbTaW,21.03781,490.535,191.006,133.45,290.849,139.9758,139.5298,139.7528,361.3778,0.292918,13.20651,0.001596,334.9764,0.4805,Cr8Nb8Ta8W8C32
CrNbTaZr,22.19906,541.165,112.594,152.825,255.451,177.4092,172.6302,175.0197,427.4403,0.22112,23.18326,0.013653,354.4756,0.68514,Cr8Nb8Ta8Zr8C32
CrNbTiV,19.59281,550.552,127.944,162.134,268.8133,181.802,178.7741,180.2881,442.0413,0.22593,23.10795,0.008397,361.4584,0.670681,Cr8Nb8Ti8V8C32
CrNbTiW,20.39469,547.621,137.936,150.178,274.4977,172.0438,168.1243,170.0841,422.9054,0.243225,20.26487,0.011522,357.1527,0.619619,Cr8Nb8Ti8W8C32
CrNbTiZr,21.67188,494.95,101.365,146.108,232.56,166.3818,162.889,164.6354,399.6084,0.213616,23.04215,0.010608,326.7221,0.707927,Cr8Nb8Ti8Zr8C32
CrNbVW,19.91094,477.336,157.652,140.14,264.2133,148.0208,147.4077,147.7143,373.5323,0.264375,16.31585,0.002075,325.2399,0.559072,Cr8Nb8V8W8C32
CrNbVZr,21.07781,506.753,106.287,135.036,239.7757,161.1148,155.257,158.1859,389.011,0.229601,20.6735,0.018515,323.6861,0.659725,Cr8Nb8V8Zr8C32
CrNbWZr,21.83063,465.062,140.529,134.214,248.7067,145.435,144.1846,144.8098,363.8182,0.256193,16.84859,0.004317,317.2637,0.582251,Cr8Nb8W8Zr8C32
CrTaTiV,19.62688,530.597,138.315,165.068,269.0757,177.4972,176.2358,176.8665,435.2374,0.230412,22.2806,0.003566,358.2904,0.657311,Cr8Ta8Ti8V8C32
CrTaTiW,20.41875,535.879,144.884,151.528,275.2157,169.1158,166.5078,167.8118,418.3967,0.246625,19.70956,0.007771,355.2925,0.609746,Cr8Ta8Ti8W8C32
CrTaTiZr,21.64438,527.093,96.8567,157.806,240.2688,180.7309,176.6291,178.68,429.5574,0.20203,25.82349,0.011478,345.8949,0.743667,Cr8Ta8Ti8Zr8C32
CrTaVW,19.96031,533.927,149.053,144.413,277.3443,163.6226,160.4273,162.025,406.8478,0.25551,18.31275,0.009861,349.1364,0.584201,Cr8Ta8V8W8C32
CrTaVZr,21.08531,526.193,111.34,150.731,249.6243,173.4092,169.2335,171.3214,418.2745,0.220731,22.87994,0.012187,343.7261,0.686317,Cr8Ta8V8Zr8C32
CrTaWZr,21.84031,530.502,116.199,135.403,254.3,164.1024,157.1791,160.6407,398.0966,0.23909,19.89357,0.021549,337.9176,0.631698,Cr8Ta8W8Zr8C32
CrTiVW,19.18219,568.801,127.596,159.481,274.6643,183.9296,179.3587,181.6441,446.5035,0.229061,22.863,0.012582,365.4502,0.661331,Cr8Ti8V8W8C32
CrTiVZr,20.46469,577.528,33.357,120.141,214.7473,180.9188,154.6968,167.8078,399.3924,0.190029,26.1315,0.078131,313.9575,0.78142,Cr8Ti8V8Zr8C32
CrTiWZr,21.23531,482.169,123.749,139.787,243.2223,155.5562,153.274,154.4151,382.3342,0.238008,19.45515,0.00739,322.4951,0.634872,Cr8Ti8W8Zr8C32
CrVWZr,20.73188,408.397,154.815,133.972,239.3423,131.0996,131.0042,131.0519,332.4737,0.268481,14.63947,0.000364,293.5426,0.54755,Cr8V8W8Zr8C32
HfMoNbTa,22.69344,601.448,122.166,165.261,281.9267,195.013,188.6869,191.85,469.1351,0.222661,24.54977,0.016487,391.3202,0.680496,Hf8Mo8Nb8Ta8C32
HfMoNbTi,22.16031,549.279,129.434,167.1,269.3823,184.229,181.9462,183.0876,447.8103,0.22294,23.71723,0.006234,372.2003,0.679657,Hf8Mo8Nb8Ti8C32
HfMoNbV,21.72313,522.649,132.522,157.77,262.5643,172.6874,170.8345,171.7609,423.0372,0.231471,21.70463,0.005394,354.7321,0.654167,Hf8Mo8Nb8V8C32
HfMoNbW,22.41594,517.259,135.484,147.893,262.7423,165.0908,162.5366,163.8137,406.8808,0.241901,19.87276,0.007796,348.3637,0.623477,Hf8Mo8Nb8W8C32
HfMoNbZr,23.56188,501.203,111.122,156.265,241.149,171.7752,169.7652,170.7702,414.4738,0.213542,23.65536,0.005885,343.5979,0.708152,Hf8Mo8Nb8Zr8C32
HfMoTaTi,22.17531,569.228,120.046,169.203,269.7733,191.3582,187.7211,189.5396,460.7201,0.215366,25.24054,0.009595,379.0192,0.702589,Hf8Mo8Ta8Ti8C32
HfMoTaV,21.74656,569.395,119.446,157.205,269.429,184.3128,178.7421,181.5275,444.7085,0.224907,23.3411,0.015344,369.4807,0.673749,Hf8Mo8Ta8V8C32
HfMoTaW,22.33031,599.333,125.677,155.654,283.5623,188.1236,180.3852,184.2544,454.3527,0.23295,22.63718,0.020999,383.5738,0.649784,Hf8Mo8Ta8W8C32
HfMoTaZr,23.55,385.884,156.518,159.627,232.9733,141.6494,137.995,139.8222,349.5396,0.249943,17.01174,0.013068,305.5669,0.600164,Hf8Mo8Ta8Zr8C32
HfMoTiV,21.09375,496.076,131.682,163.158,253.1467,170.7736,170.2753,170.5244,417.7679,0.22495,22.32544,0.001461,345.3598,0.673619,Hf8Mo8Ti8V8C32
HfMoTiW,21.77781,611.317,88.3683,161.911,262.6845,201.7363,191.0028,196.3696,471.5952,0.200785,27.77235,0.02733,379.5393,0.747549,Hf8Mo8Ti8W8C32
HfMoTiZr,23.03094,530.523,107.612,158.507,248.5823,179.6864,176.1502,177.9183,430.942,0.211067,24.64877,0.009938,354.7296,0.715732,Hf8Mo8Ti8Zr8C32
HfMoVW,21.39688,522.649,119.982,148.051,254.2043,169.364,165.5791,167.4715,411.9495,0.229909,21.49146,0.0113,343.7851,0.658807,Hf8Mo8V8W8C32
HfMoVZr,22.65094,449.734,116.833,137.946,227.8,149.3478,148.0901,148.719,366.4183,0.231915,19.55533,0.004228,309.6048,0.652849,Hf8Mo8V8Zr8C32
HfMoWZr,23.215,487.749,125.902,142.011,246.5177,157.576,155.3783,156.4772,387.4529,0.238049,19.63444,0.007022,331.7246,0.63475,Hf8Mo8W8Zr8C32
HfNbTaTi,22.60156,580.078,138.621,180.955,285.7733,196.8644,195.0107,195.9376,478.4619,0.220955,25.13323,0.00473,397.8867,0.68564,Hf8Nb8Ta8Ti8C32
HfNbTaV,22.14844,580.597,123.295,170.21,275.729,193.5864,189.5933,191.5898,466.6791,0.217912,25.11519,0.010421,385.169,0.694848,Hf8Nb8Ta8V8C32
HfNbTaW,22.65469,661.729,103.479,169.373,289.5623,213.2738,200.9837,207.1288,501.7497,0.211202,27.43157,0.029668,411.9561,0.715317,Hf8Nb8Ta8W8C32
HfNbTaZr,23.905,597.405,106.921,174.884,270.4157,203.0272,197.5548,200.291,481.8963,0.20299,27.86974,0.013661,394.9979,0.740678,Hf8Nb8Ta8Zr8C32
HfNbTiV,21.55625,561.703,109.912,170.511,260.509,192.6648,189.0515,190.8581,460.1905,0.205582,26.60165,0.009466,371.988,0.732635,Hf8Nb8Ti8V8C32
HfNbTiW,22.16656,602.528,98.436,168.134,266.4667,201.6988,193.9641,197.8314,475.7565,0.202429,27.70108,0.019549,384.8151,0.742425,Hf8Nb8Ti8W8C32
HfNbTiZr,23.53344,513.617,123.065,171.787,253.249,181.1826,180.4702,180.8264,438.1869,0.211623,24.86579,0.00197,362.2589,0.714026,Hf8Nb8Ti8Zr8C32
HfNbVW,21.69781,619.224,94.518,160.623,269.42,201.315,190.1098,195.7124,472.6818,0.207593,26.81791,0.028627,383.4953,0.726421,Hf8Nb8V8W8C32
HfNbVZr,22.96969,505.291,118.928,162.175,247.7157,174.5776,173.3013,173.9394,422.8475,0.215502,23.73543,0.003669,349.9733,0.702174,Hf8Nb8V8Zr8C32
HfNbWZr,23.46813,532.421,136.216,153.904,268.2843,171.5834,168.9848,170.2841,421.6443,0.238061,20.84449,0.00763,361.6578,0.634715,Hf8Nb8W8Zr8C32
HfTaTiV,21.56813,580.038,110.441,176.72,266.9733,199.9514,196.125,198.0382,476.3345,0.202633,27.69463,0.009661,383.6282,0.74179,Hf8Ta8Ti8V8C32
HfTaTiW,22.16344,611.655,111.179,172.865,278.0043,203.8142,197.2622,200.5382,484.9972,0.209239,27.06792,0.016336,395.7284,0.721349,Hf8Ta8Ti8W8C32
HfTaTiZr,23.51125,538.65,113.495,178.465,255.2133,192.11,190.7061,191.4081,459.3803,0.200002,27.37507,0.003667,374.0914,0.749992,Hf8Ta8Ti8Zr8C32
HfTaVW,21.70719,617.972,110.824,163.721,279.8733,199.6622,190.7589,195.2105,475.158,0.21704,25.5606,0.022804,390.3909,0.697496,Hf8Ta8V8W8C32
HfTaVZr,22.96781,520.613,120.55,167.545,253.9043,180.5396,179.1854,179.8625,436.5139,0.213466,24.54954,0.003765,360.2953,0.708387,Hf8Ta8V8Zr8C32
HfTaWZr,23.44156,573.872,126.174,166.893,275.4067,189.6754,185.8033,187.7393,458.9355,0.222268,24.22403,0.010313,384.6768,0.68168,Hf8Ta8W8Zr8C32
HfTiVW,21.14156,601.031,99.7113,166.21,266.8179,199.9899,192.0979,196.0439,472.4268,0.204901,27.20028,0.020128,380.3123,0.734748,Hf8Ti8V8W8C32
HfTiVZr,22.46688,499.403,114.555,157.555,242.8377,171.5026,169.8676,170.6851,414.8574,0.215271,23.44685,0.004789,341.9896,0.702877,Hf8Ti8V8Zr8C32
HfTiWZr,22.99594,572.375,98.4793,166.845,256.4445,194.8861,189.2403,192.0632,461.0812,0.200337,27.39787,0.014698,374.249,0.748946,Hf8Ti8W8Zr8C32
HfVWZr,22.70906,506.843,51.9707,148.917,203.5948,180.3247,172.7765,176.5506,410.8836,0.163643,30.49254,0.021377,319.0444,0.867166,Hf8V8W8Zr8C32
MoNbTaTi,21.56031,590.261,171.156,171.09,310.8577,186.475,184.6464,185.5607,464.2976,0.251066,20.65866,0.004927,400.6818,0.596931,Mo8Nb8Ta8Ti8C32
MoNbTaV,21.11375,589.897,151.615,149.443,297.709,177.3222,171.2265,174.2743,437.4619,0.255095,19.3269,0.017489,378.6811,0.585385,Mo8Nb8Ta8V8C32
MoNbTaW,21.79531,510.111,197.881,137.439,301.9577,144.9094,144.3462,144.6278,374.1485,0.293487,13.48198,0.001947,349.2685,0.478967,Mo8Nb8Ta8W8C32
MoNbTaZr,22.91688,561.797,129.608,159.632,273.671,182.217,178.2631,180.24,443.3827,0.229978,22.63103,0.010969,374.311,0.658601,Mo8Nb8Ta8Zr8C32
MoNbTiW,21.16531,550.047,175.01,147.729,300.0223,163.6448,161.4306,162.5377,413.027,0.270558,16.84513,0.006811,367.2749,0.541752,Mo8Nb8Ti8W8C32
MoNbVW,20.83281,485.073,147.24,141.279,259.851,152.334,151.1727,151.7534,381.0769,0.25558,17.47618,0.003826,329.3993,0.584001,Mo8Nb8V8W8C32
MoNbVZr,21.89813,554.911,119.541,161.071,264.6643,183.7166,179.7726,181.7446,443.6765,0.220604,23.87205,0.01085,366.8425,0.686699,Mo8Nb8V8Zr8C32
MoNbWZr,22.59125,564.513,108.17,144.371,260.2843,177.8912,169.2326,173.5619,425.9982,0.227223,22.34688,0.024944,357.3616,0.666817,Mo8Nb8W8Zr8C32
MoTaTiV,20.48563,577.931,144.278,174.551,288.829,191.4612,189.3156,190.3884,468.274,0.229786,23.54919,0.005635,387.8962,0.659173,Mo8Ta8Ti8V8C32
MoTaTiW,21.20094,598.865,151.201,154.234,300.4223,182.0732,176.1417,179.1074,448.2436,0.251326,20.11875,0.016559,385.9065,0.596186,Mo8Ta8Ti8W8C32
MoTaTiZr,22.39281,639.493,63.7567,165.861,255.6688,214.6639,199.7199,207.1919,489.3793,0.180981,31.6203,0.036063,386.4055,0.810392,Mo8Ta8Ti8Zr8C32
MoTaVW,20.83,482.902,160.819,142.777,268.18,150.0828,149.562,149.8224,378.9068,0.26452,16.46669,0.001738,332.4935,0.558664,Mo8Ta8V8W8C32
MoTaVZr,21.9275,502.533,128.597,157.239,253.2423,169.1306,167.919,168.5248,413.787,0.227674,21.83544,0.003595,345.6195,0.665469,Mo8Ta8V8Zr8C32
MoTaWZr,22.53281,558.488,138.916,152.233,278.7733,175.2542,170.9977,173.126,430.3015,0.242741,20.57384,0.012293,369.2121,0.621028,Mo8Ta8W8Zr8C32
MoTiVW,20.10688,590.803,123.605,164.326,279.3377,192.0352,186.4414,189.2383,463.1316,0.223673,24.18913,0.01478,379.1346,0.677454,Mo8Ti8V8W8C32
MoTiVZr,21.33531,560.815,97.0293,154.15,251.6245,185.2471,178.0231,181.6351,439.2214,0.209076,25.25547,0.019886,356.0352,0.72185,Mo8Ti8V8Zr8C32
MoTiWZr,21.98719,546.676,112.172,148.944,257.0067,176.2672,170.3711,173.3192,424.5272,0.224698,22.61273,0.017009,353.2567,0.674376,Mo8Ti8W8Zr8C32
MoVWZr,21.62156,445.343,148.645,146.426,247.5443,147.1952,147.1892,147.1922,368.5323,0.251875,17.45628,0.0000204,318.6031,0.594609,Mo8V8W8Zr8C32
NbTaTiV,20.95531,595.09,137.865,180.096,290.2733,199.5026,196.8023,198.1524,484.2644,0.221949,25.2081,0.006814,398.2162,0.682641,Nb8Ta8Ti8V8C32
NbTaTiW,21.56031,676.445,118.241,175.464,304.309,216.9192,206.072,211.4956,515.1445,0.217861,26.94262,0.025644,423.2373,0.695003,Nb8Ta8Ti8W8C32
NbTaVW,21.15188,631.549,136.842,164.334,301.7443,197.5418,189.8174,193.6796,478.6327,0.23563,23.1264,0.019941,402.0249,0.641867,Nb8Ta8V8W8C32
NbTaVZr,22.34656,572.401,119.773,165.245,270.649,189.6726,185.2391,187.4559,456.8855,0.218648,24.63998,0.011825,378.0256,0.692616,Nb8Ta8V8Zr8C32
NbTaWZr,22.87094,593.184,117.928,164.742,276.3467,193.8964,187.7807,190.8385,465.3871,0.219322,24.87043,0.016023,386.9078,0.690577,Nb8Ta8W8Zr8C32
NbTiVW,20.50313,690.937,110.888,176.341,304.2377,221.8144,209.131,215.4727,522.9584,0.213514,27.89224,0.029432,423.5837,0.708238,Nb8Ti8V8W8C32
NbTiVZr,21.82156,550.057,115.908,167.775,260.6243,187.4948,184.5392,186.017,450.8002,0.211718,25.35732,0.007944,368.0709,0.713736,Nb8Ti8V8Zr8C32
NbTiWZr,22.39813,556.369,126.432,160.809,269.7443,182.4728,178.831,180.6519,443.0499,0.226253,23.10306,0.01008,370.6233,0.669715,Nb8Ti8W8Zr8C32
NbVWZr,21.99531,516.993,127.38,152.515,257.251,169.4316,167.0186,168.2251,414.355,0.231549,21.37865,0.007172,348.2135,0.653934,Nb8V8W8Zr8C32
TaTiVW,20.5375,650.859,121.824,174.692,298.169,210.6222,202.1507,206.3865,503.0845,0.218792,26.3579,0.020523,410.5157,0.692179,Ta8Ti8V8W8C32
TaTiVZr,21.83906,537.787,122.463,167.897,260.9043,183.803,181.8239,182.8135,444.5983,0.215989,24.52752,0.005413,365.1324,0.700692,Ta8Ti8V8Zr8C32
TaTiWZr,22.37625,570.972,135.064,167.095,280.3667,187.4386,184.2971,185.8678,456.6845,0.228519,23.30262,0.008451,383.2039,0.662946,Ta8Ti8W8Zr8C32
TaVWZr,21.99344,519.828,141.616,154.231,267.6867,168.181,166.5145,167.3477,415.4654,0.241324,20.2374,0.004979,354.2736,0.625163,Ta8V8W8Zr8C32
TiVWZr,21.39063,521.387,127.19,157.509,258.589,173.3448,171.2696,172.3072,422.974,0.227383,22.21416,0.006022,351.6905,0.666336,Ti8V8W8Zr8C32
HfTiZr,23.94813,472.789,111.822,159.817,232.1443,168.0836,167.4884,167.786,405.6323,0.208779,23.91086,0.001774,335.07,0.722766,Hf10Ti11Zr11C32
CrTiZr,21.63813,319.589,149.745,120.349,206.3597,106.1782,103.1384,104.6583,268.5716,0.283088,11.44306,0.014522,245.3217,0.507165,Cr10Ti11Zr11C32
HfMoW,22.36906,434.477,171.188,133.899,258.951,132.9972,132.988,132.9926,340.659,0.280744,13.75375,0.0000346,311.5041,0.513582,Hf10Mo11W11C32
NbTaV,21.19844,626.223,132.395,175.461,297.0043,204.0422,198.43,201.2361,492.481,0.22364,25.26934,0.013944,406.7101,0.677553,Nb10Ta11V11C32
NbVW,20.66063,574.803,129.412,157.165,277.8757,183.3772,178.1319,180.7545,445.6366,0.232712,22.35936,0.01451,371.2448,0.650487,Nb10V11W11C32
TaVW,20.71063,601.725,126.094,160.495,284.6377,191.4232,184.4879,187.9555,462.1437,0.229396,23.3824,0.018449,383.3004,0.660333,Ta10V11W11C32
NbTaW,22.02,594.237,148.295,151.046,296.9423,179.816,173.4228,176.6194,442.188,0.25181,19.8676,0.018099,383.4053,0.594794,Nb10Ta11W11C32
CrMoW,20.03594,322.807,171.428,109.038,221.8877,95.6986,92.70059,94.1996,247.5652,0.314046,8.676706,0.015913,238.2645,0.424537,Cr10Mo11W11C32
CrHfMo,21.48625,450.083,89.3357,119.251,209.5848,143.7001,137.9496,140.8248,345.1662,0.225516,19.44084,0.020417,286.4483,0.671923,Cr10Hf11Mo11C32
CrHfTa,21.95813,511.823,125.195,147.049,254.071,165.555,162.6163,164.0857,405.058,0.234288,20.709,0.008955,341.6741,0.645826,Cr10Hf11Ta11C32
CrHfTi,21.23406,384.782,138.013,145.077,220.2693,136.4,135.5448,135.9724,338.3052,0.244022,17.2213,0.003145,287.9881,0.617301,Cr10Hf11Ti11C32
CrHfV,20.48281,320.275,173.148,136.063,222.1903,111.0632,101.5517,106.3074,275.0554,0.293679,10.82858,0.044736,254.2198,0.478452,Cr10Hf11V11C32
CrHfW,21.49344,528.319,99.8137,123.697,242.6488,159.9193,148.8645,154.3919,382.129,0.237529,19.50203,0.035801,322.7396,0.636277,Cr10Hf11W11C32
CrHfZr,23.28219,364.525,120.161,123.147,201.6157,122.761,122.7592,122.7601,306.1449,0.246924,15.77082,0.00000743,265.8447,0.608882,Cr10Hf11Zr11C32
CrMoNb,20.60094,498.09,99.275,117.076,232.2133,150.0086,140.2364,145.1225,360.3087,0.241395,18.28835,0.033669,303.943,0.624953,Cr10Mo11Nb11C32
CrMoTa,20.54594,500.623,157.175,122.516,271.6577,142.1992,138.3769,140.2881,359.0568,0.279712,14.37335,0.013623,323.0792,0.516415,Cr10Mo11Ta11C32
CrMoTi,19.57781,527.969,120.689,144.737,256.449,168.2982,163.6741,165.9862,409.5898,0.233807,20.93082,0.013929,338.7119,0.647248,Cr10Mo11Ti11C32
CrMoV,18.925,503.684,123.648,131.313,250.3267,154.795,149.8285,152.3117,379.8875,0.247072,18.35812,0.016304,318.7569,0.608452,Cr10Mo11V11C32
CrMoZr,21.96875,411.467,97.3317,110.086,202.0435,128.8787,125.0476,126.9631,314.9238,0.240218,16.74103,0.015087,268.0374,0.628395,Cr10Mo11Zr11C32
CrNbTa,21.07219,445.914,185.703,132.153,272.44,131.334,131.3263,131.3302,339.4468,0.292342,12.68432,0.0000293,314.3663,0.482052,Cr10Nb11Ta11C32
CrNbTi,20.23188,532.813,122.22,158.605,259.0843,177.2816,174.4779,175.8798,430.275,0.223208,23.02123,0.00797,352.3718,0.678851,Cr10Nb11Ti11C32
CrNbV,19.48281,527.745,135.431,138.378,266.2023,161.4896,156.8595,159.1745,398.1636,0.250714,18.56858,0.014544,337.6639,0.597946,Cr10Nb11V11C32
CrNbW,20.65281,481.159,143.844,119.534,256.2823,139.1834,135.2967,137.2401,349.3592,0.272803,14.74779,0.01416,310.644,0.535503,Cr10Nb11W11C32
CrNbZr,22.34188,408.821,115.17,118.336,213.0537,129.7318,128.2934,129.0126,322.0359,0.248079,16.2335,0.005574,278.2364,0.60554,Cr10Nb11Zr11C32
CrTaTi,20.23,579.631,115.761,155.261,270.3843,185.9306,178.9203,182.4254,446.7939,0.224593,23.45997,0.019214,366.6059,0.674689,Cr10Ta11Ti11C32
CrTaV,19.55781,585.745,127.121,148.737,279.9957,180.967,173.0609,177.0139,438.6114,0.238918,21.32802,0.022332,365.426,0.632202,Cr10Ta11V11C32
CrTaW,20.64531,531.663,143.295,125.411,272.751,152.9202,146.1097,149.515,379.2471,0.268258,16.09217,0.022775,334.474,0.548174,Cr10Ta11W11C32
CrTaZr,22.29906,475.85,127.985,138.886,243.94,152.9046,151.0612,151.9829,377.5416,0.242053,18.83035,0.006064,323.0378,0.623034,Cr10Ta11Zr11C32
CrTiV,18.43469,522.337,136.878,159.587,265.3643,172.844,171.3751,172.1096,424.5451,0.233357,21.5248,0.004267,347.3466,0.648578,Cr10Ti11V11C32
CrTiW,19.67125,461.912,162.244,147.868,262.1333,148.6544,148.6482,148.6513,375.0576,0.261535,16.65633,0.0000209,324.3278,0.567083,Cr10Ti11W11C32
CrVW,19.05,517.697,114.598,136.66,248.9643,162.6158,156.8607,159.7383,394.7825,0.235717,20.16831,0.018014,325.9034,0.641611,Cr10V11W11C32
CrVZr,20.905,397.767,89.7393,120.973,192.4152,134.1893,132.3285,133.2589,324.7965,0.218667,19.34961,0.006982,265.7722,0.692559,Cr10V11Zr11C32
CrWZr,21.95,431.053,95.9553,114.383,207.6545,135.6493,131.0118,133.3306,329.4754,0.235558,17.76095,0.017391,278.4249,0.642079,Cr10W11Zr11C32
HfMoNb,22.77438,546.728,112.316,154.013,257.12,179.2902,174.2967,176.7934,431.4852,0.220309,23.44436,0.014123,358.9567,0.687591,Hf10Mo11Nb11C32
HfMoTa,22.75188,534.213,135.137,156.713,268.1623,173.843,171.43,172.6365,426.4061,0.234983,21.38992,0.006989,362.1885,0.643776,Hf10Mo11Ta11C32
HfMoTi,22.00031,419.033,170.977,160.073,253.6623,145.655,143.4027,144.5289,364.3821,0.260586,16.41591,0.007792,320.5114,0.569769,Hf10Mo11Ti11C32
HfMoV,21.37344,432.893,135.487,145.969,234.6223,147.0626,147.0504,147.0565,364.9267,0.24077,18.52194,0.0000413,309.4372,0.62678,Hf10Mo11V11C32
HfMoZr,23.99313,500.139,98.6937,151.691,232.5088,171.3037,168.1178,169.7107,409.4995,0.206463,24.37586,0.009386,337.3563,0.729911,Hf10Mo11Zr11C32
HfNbTa,23.22031,636.225,112.181,176.99,286.8623,211.0028,203.3921,207.1975,500.9759,0.208934,27.74229,0.018366,411.788,0.722289,Hf10Nb11Ta11C32
HfNbV,21.93594,560.931,110.748,166.141,260.809,189.7212,185.5823,187.6517,454.0573,0.20984,25.74925,0.011028,370.138,0.719499,Hf10Nb11V11C32
HfNbW,22.75344,555.918,124.681,157.5,268.4267,180.7474,176.5333,178.6404,438.6194,0.22766,22.75702,0.011795,368.6185,0.665509,Hf10Nb11W11C32
HfNbZr,24.45281,539.469,110.729,169.506,253.6423,187.4516,184.9923,186.2219,448.8248,0.20508,26.20563,0.006603,370.2665,0.734191,Hf10Nb11Zr11C32
HfTaTi,22.59875,557.787,125.38,183.834,269.5157,196.7818,195.5446,196.1632,473.5908,0.207135,26.92112,0.003154,386.6175,0.727836,Hf10Ta11Ti11C32
HfTaV,21.94375,578.476,115.192,173.084,269.62,196.5072,192.5548,194.531,470.4497,0.20919,26.49763,0.010159,383.1971,0.721501,Hf10Ta11V11C32
HfTaW,22.70719,594.041,124.573,160.218,281.0623,190.0244,183.5215,186.7729,458.7106,0.22799,23.44625,0.017409,385.5543,0.664525,Hf10Ta11W11C32
HfTaZr,24.38469,558.392,113.794,177.277,261.9933,195.2858,192.9045,194.0952,466.969,0.202938,27.26333,0.006134,384.0066,0.74084,Hf10Ta11Zr11C32
HfTiV,21.15125,517.673,108.147,161.683,244.6557,178.915,176.5399,177.7274,429.2427,0.207587,25.04941,0.006682,346.7721,0.726439,Hf10Ti11V11C32
HfTiW,21.99125,604.51,103.905,170.595,270.7733,202.478,195.497,198.9875,479.5026,0.204856,27.49467,0.017541,388.5296,0.734886,Hf10Ti11W11C32
HfVW,21.42,529.504,124.308,151.851,259.3733,172.1498,168.7594,170.4546,419.474,0.230457,21.70066,0.009945,350.405,0.657179,Hf10V11W11C32
HfVZr,23.26406,444.551,105.47,150.887,218.497,158.3484,157.8332,158.0908,382.1143,0.208528,22.95202,0.00163,314.0197,0.723538,Hf10V11Zr11C32
HfWZr,23.89906,522.439,104.514,157.623,243.8223,178.1588,174.8016,176.4802,426.5318,0.208441,24.82215,0.009511,352.0586,0.723807,Hf10W11Zr11C32
MoNbTa,22.05094,614.987,141.53,154.651,299.349,187.482,179.5525,183.5172,457.1354,0.245484,21.12795,0.021604,392.4929,0.613054,Mo10Nb11Ta11C32
MoNbTi,21.25125,568.64,126.52,168.181,273.8933,189.3326,185.9756,187.6541,458.2971,0.221122,24.35586,0.008945,377.3119,0.685136,Mo10Nb11Ti11C32
MoNbV,20.59375,556.08,139.08,159.313,278.08,178.9878,175.9128,177.4503,438.9766,0.2369,21.59302,0.008665,367.7724,0.638127,Mo10Nb11V11C32
MoNbW,21.69188,422.309,136.662,124.701,231.8777,131.95,131.3686,131.6593,332.1192,0.261283,15.30652,0.002208,291.7907,0.567796,Mo10Nb11W11C32
MoNbZr,23.18281,520.189,117.329,151.199,251.6157,171.2914,167.952,169.6217,415.4984,0.22478,22.26088,0.009844,348.8488,0.67413,Mo10Nb11Zr11C32
MoTaTi,21.26469,607.222,130.439,165.777,289.3667,194.8228,188.7778,191.8003,471.276,0.228559,23.82198,0.015758,392.1258,0.662828,Mo10Ta11Ti11C32
MoTaV,20.65,554.075,146.989,160.37,282.6843,177.6392,175.2377,176.4384,438.1564,0.241669,20.97115,0.006806,369.914,0.624154,Mo10Ta11V11C32
MoTaW,21.59844,592.637,140.355,122.562,291.1157,163.9936,150.0535,157.0236,399.2817,0.271407,16.35687,0.044389,356.7951,0.539385,Mo10Ta11W11C32
MoTaZr,23.14719,540.83,120.985,150.454,260.9333,174.2414,169.6815,171.9614,422.9687,0.229836,21.90605,0.013259,357.5993,0.659024,Mo10Ta11Zr11C32
MoTiV,19.67031,583.099,128.527,169.942,280.051,192.8796,189.0176,190.9486,466.7611,0.222217,24.5228,0.010113,379.9374,0.681835,Mo10Ti11V11C32
MoTiW,20.76906,574.343,114.592,154.941,267.8423,184.9148,178.1733,181.544,444.2589,0.223557,23.50233,0.018567,365.5949,0.677802,Mo10Ti11W11C32
MoTiZr,22.51625,428.753,135.19,152.319,233.0443,150.104,150.0546,150.0793,370.6684,0.234909,19.37859,0.000165,314.2648,0.643995,Mo10Ti11Zr11C32
MoVZr,21.84875,5.43E+02,84.8733,145.022,237.4645,178.5679,169.9267,174.2473,420.0099,0.205212,24.98523,0.024796,340.1106,0.733782,Mo10V11Zr11C32
MoWZr,22.7975,493.337,111.405,132.439,238.7157,155.8498,150.9434,153.3966,379.0075,0.235384,19.63212,0.015993,322.2277,0.642591,Mo10W11Zr11C32
NbTaTi,21.81875,590.705,139.961,182.361,290.209,199.5654,197.4326,198.499,484.9342,0.221503,25.29587,0.005372,401.2111,0.683986,Nb10Ta11Ti11C32
NbTaZr,23.6,585.991,123.598,172.613,277.729,196.0464,192.0819,194.0641,472.207,0.216626,25.50642,0.010215,393.1895,0.698754,Nb10Ta11Zr11C32
NbTiV,20.31688,641.501,96.0327,186.136,277.8555,220.7753,213.216,216.9956,516.5243,0.190172,31.32693,0.017418,405.6123,0.780966,Nb10Ti11V11C32
NbTiW,21.26,628.213,118.95,171.279,288.7043,204.62,197.085,200.8525,489.1281,0.21763,26.00524,0.018758,400.7982,0.695703,Nb10Ti11W11C32
NbTiZr,23.05406,514.229,120.632,165.646,251.831,178.107,176.8435,177.4752,431.1443,0.21466,24.17608,0.00356,356.6548,0.704739,Nb10Ti11Zr11C32
NbVZr,22.38188,551.027,90.3597,156.577,243.9155,186.0797,179.5786,182.8291,438.8415,0.200141,26.4832,0.017779,354.5073,0.749559,Nb10V11Zr11C32
NbWZr,23.1475,516.942,110.449,137.881,245.9467,164.0272,158.2371,161.1321,396.7522,0.231139,20.78034,0.017967,336.0693,0.655151,Nb10W11Zr11C32
TaTiW,21.27938,646.904,116.898,172.113,293.5667,209.269,200.1802,204.7246,498.333,0.217081,26.43102,0.022198,408.0984,0.69737,Ta10Ti11W11C32
TaTiZr,23.0275,537.779,118.387,173.777,258.1843,188.1446,186.5594,187.352,452.5833,0.207842,25.97037,0.004231,370.967,0.725652,Ta10Ti11Zr11C32
TaVZr,22.37469,564.116,97.772,162.131,253.22,190.5474,184.6319,187.5896,451.3203,0.202946,26.61221,0.015767,365.8583,0.740817,Ta10V11Zr11C32
TaWZr,23.10156,595.453,100.797,155.44,265.6823,192.1952,182.5718,187.3835,455.1468,0.214479,25.14646,0.025678,376.5482,0.705292,Ta10W11Zr11C32
TiVW,19.80063,602.264,132.798,177.353,289.2867,200.305,196.5738,198.4394,484.5289,0.220848,25.37353,0.009401,394.0863,0.685961,Ti10V11W11C32
TiVZr,21.68281,472.731,110.931,152.463,231.531,163.8378,162.693,163.2654,396.5794,0.214524,22.80431,0.003506,324.6666,0.705156,Ti10V11Zr11C32
TiWZr,22.5075,519.087,104.24,158.683,242.5223,178.1792,175.1453,176.6622,426.4415,0.20694,25.02104,0.008587,347.8048,0.728437,Ti10W11Zr11C32
VWZr,21.94094,523.079,105.847,150.071,244.9243,173.489,169.0472,171.2681,416.6804,0.216456,23.3664,0.012967,342.6863,0.69927,V10W11Zr11C32
NbTa,22.47531,733.723,102.592,179.049,312.969,233.6556,216.5157,225.0856,544.6799,0.209939,29.27416,0.038074,445.8706,0.719195,Nb16Ta16C32
NbV,20.47,607.656,131.572,174.847,290.2667,200.125,195.6202,197.8726,483.7051,0.222264,25.14311,0.011383,396.3794,0.681692,Nb16V16C32
NbW,21.89688,582.754,101.993,139.126,262.2467,179.6278,167.3174,173.4726,426.3988,0.229009,22.13581,0.035482,356.7528,0.661486,Nb16W16C32
TaV,20.51375,651.306,120.917,178.093,297.7133,212.9336,205.0292,208.9814,508.0647,0.215574,27.01953,0.018912,412.693,0.701955,Ta16V16C32
TaW,21.82688,536.937,209.968,146.81,318.9577,153.4798,153.0543,153.267,396.3205,0.292909,14.09926,0.001388,369.6206,0.480525,Ta16W16C32
VW,19.6675,620.535,136.729,158.494,297.9977,191.8576,183.851,187.8543,465.7046,0.239537,22.17215,0.021311,388.7244,0.630388,V16W16C32
CrHf,21.42094,414.951,117.538,114.857,216.6757,128.3968,126.3624,127.3796,319.5246,0.254222,15.55539,0.007986,276.8607,0.587881,Cr16Hf16C32
CrMo,19.44281,440.671,98.6837,99.7807,212.6795,128.2659,119.7253,123.9956,311.4583,0.255925,15.11814,0.034439,266.2926,0.583016,Cr16Mo16C32
CrNb,20.14188,502.909,105.352,120.179,237.871,151.6188,142.7584,147.1886,366.0624,0.243515,18.26482,0.030099,308.644,0.618775,Cr16Nb16C32
CrTa,20.14719,531.367,149.99,123.677,277.1157,150.4816,143.9054,147.1935,375.1573,0.274368,15.35454,0.022339,333.1532,0.531163,Cr16Ta16C32
CrTi,18.59,506.478,122.171,148.841,250.2733,166.166,163.5907,164.8784,405.5723,0.229914,21.25482,0.00781,330.625,0.658793,Cr16Ti16C32
CrV,17.45188,536.862,124.899,145.433,262.22,169.6524,164.8116,167.232,413.741,0.237027,20.69136,0.014473,337.2611,0.637755,Cr16V16C32
CrW,19.43219,309.451,170.829,113.057,217.0363,95.5586,90.2678,92.9132,243.9307,0.312681,8.674676,0.028472,232.8405,0.4281,Cr16W16C32
CrZr,22.05375,432.336,45.689,98.318,174.5713,136.3202,122.3733,129.3467,311.1841,0.202906,20.45755,0.053913,251.639,0.740939,Cr16Zr16C32
HfMo,22.95313,497.133,124.167,138.197,248.489,157.5114,154.1641,155.8377,386.6791,0.240646,19.31099,0.01074,331.7393,0.627141,Hf16Mo16C32
HfNb,23.6975,599.889,105.039,176.353,269.989,204.7818,199.2461,202.014,485.0624,0.200567,28.36456,0.013701,395.8046,0.74823,Hf16Nb16C32
HfTa,23.62188,634.117,106.568,183.564,282.4177,215.6482,208.9837,212.316,509.3166,0.199431,29.53975,0.015695,414.7849,0.75178,Hf16Ta16C32
HfTi,22.85281,488.445,116.191,163.535,240.2757,172.5718,171.8801,172.2259,417.0361,0.210724,24.12807,0.002008,342.6842,0.716785,Hf16Ti16C32
HfV,21.765,486.863,109.345,157.902,235.1843,170.2448,168.9495,169.5971,410.1917,0.209312,24.0311,0.003819,333.7131,0.721124,Hf16V16C32
HfW,22.95281,602.284,80.638,154.539,254.52,197.0526,184.6339,190.8433,458.0463,0.200059,27.31057,0.032536,371.5398,0.749816,Hf16W16C32
HfZr,25.58875,477.973,108.45,162.032,231.6243,171.1238,170.418,170.7709,411.2456,0.204086,24.76462,0.002067,341.4081,0.737275,Hf16Zr16C32
MoNb,21.77313,443.64,172.88,135.882,263.1333,135.6812,135.6808,135.681,347.3422,0.279996,14.01346,0.00000164,315.7433,0.515636,Mo16Nb16C32
MoTa,21.80625,335.947,251.873,131.033,279.8977,95.4346,70.95003,83.19232,227.0792,0.364784,5.297893,0.147156,255.0575,0.297224,Mo16Ta16C32
MoTi,20.52094,588.598,111.581,165.274,270.5867,194.5678,188.4153,191.4916,464.8242,0.213694,25.6343,0.016065,376.641,0.70769,Mo16Ti16C32
MoV,19.49875,723.237,76.3083,160.61,291.9512,225.7517,201.1114,213.4315,514.8371,0.206094,28.72184,0.057724,409.5299,0.731052,Mo16V16C32
MoZr,23.45438,488.99,105.745,138.408,233.4933,159.6938,155.7039,157.6988,386.1604,0.22436,21.18621,0.01265,324.655,0.675389,Mo16Zr16C32
NbTi,21.47656,593.003,117.952,176.131,276.3023,200.6888,196.4411,198.5649,480.5733,0.210116,26.76479,0.010696,390.515,0.718651,Nb16Ti16C32
NbZr,24.18313,563.271,106.711,166.595,258.8977,191.269,186.7838,189.0264,456.0812,0.206395,26.31753,0.011864,376.193,0.73012,Nb16Zr16C32
TaTi,21.48438,633.108,112.716,189.495,286.18,217.7754,212.6025,215.189,516.1871,0.199381,29.82922,0.012019,413.7615,0.751936,Ta16Ti16C32
TaZr,24.09375,604.715,104.469,172.299,271.2177,203.4286,196.7911,200.1098,481.8286,0.20391,27.72972,0.016585,395.9229,0.73782,Ta16Zr16C32
TiV,19.08375,574.618,124.661,183.368,274.6467,200.0122,198.0176,199.0149,480.8902,0.208176,27.06109,0.005011,382.1852,0.724622,Ti16V16C32
TiW,20.61125,642.075,110.586,176.218,287.749,212.0286,203.6627,207.8457,502.5396,0.208925,27.80489,0.020125,404.9438,0.722316,Ti16W16C32
TiZr,23.39188,458.918,114.411,152.518,229.2467,160.4122,159.8435,160.1278,389.6585,0.216711,22.25177,0.001776,324.013,0.698496,Ti16Zr16C32
VZr,22.31469,429.174,116.08,142.85,220.4447,148.3288,148.0308,148.1798,363.1673,0.225428,20.16331,0.001006,303.256,0.672186,V16Zr16C32
WZr,23.42188,552.851,93.1313,148.027,246.3712,180.7601,172.6071,176.6836,427.7888,0.210607,24.58256,0.023073,352.9095,0.717144,W16Zr16C32
Cr,16.775,614.166,193.687,136.43,333.8467,165.9538,158.7188,162.3363,419.0814,0.290782,14.88441,0.022284,372.4704,0.48626,CrC
Hf,25.075,513.285,104.141,171.551,240.5223,184.7594,183.3919,184.0756,439.9845,0.195119,27.24786,0.003715,359.9836,0.765316,HfC
Mo,20.8425,661.855,169.589,119.657,333.6777,170.2474,150.6144,160.4309,414.8126,0.292808,14.57207,0.061188,383.8244,0.480796,MoC
Nb,22.5125,656.154,123.623,169.504,301.1333,208.2086,198.334,203.2713,497.8044,0.224483,25.34191,0.024289,415.7396,0.675021,NbC
Ta,22.45,716.209,129.242,175.823,324.8977,222.8872,209.4038,216.1455,530.7408,0.22774,26.03387,0.03119,445.0913,0.665273,TaC
Ti,20.355,514.513,116.56,168.831,249.211,180.8892,179.7224,180.3058,435.8129,0.208538,25.19003,0.003236,350.2679,0.723507,TiC
V,17.9475,638.738,138.111,191.185,304.9867,214.8364,211.1345,212.9854,518.3048,0.216761,27.22489,0.008691,412.3975,0.698343,VC
W,21.05,692.963,202.285,104.243,365.8443,160.6814,135.388,148.0347,391.3227,0.321726,11.31464,0.085431,386.698,0.404638,WC
Zr,26.1325,465.174,102.073,153.776,223.1067,164.8858,163.7995,164.3427,395.8358,0.2043,24.07623,0.003305,329.859,0.73661,ZrC
